Name,Tag
DMX 95-8,water pump
509921,water pump
97647820,water pump
MG 100LC4,industrial equipment
APG.50.11,water pump
CRN 32-6-2,water pump
CRN 155,water pump
10SQE-290,water pump
DID-3 BF3-ORP/PH,control unit
Hydro Solo-S CR Series,extender
CMB-SP Booster PM2,water pump
CU 3x4,controller
DMS 2,water pump
DMH 251,dc drives
MG 132SC4,industrial equipment
CRE Series,water pump
150,water pump
ALPHA1 B,control unit
22SQ-190,water pump
ALPHA2 130 Series,water pump
CHN 2,water pump
DME 19 series,water pump
99255562,water pump
CRK 2,water pump
97632137,water pump
BM 46,water pump
Unilift CC 5,lifting systems
DMX 130-3,water pump
SLC.575.J.3.H-FC,control panel
DDI 222 150-4,water pump
99153152,control panel
Oxiperm Pro OCD-162-5,industrial equipment
BMS 60-17 HS-E-C-P-A,water pump
DME 940,water pump
96913060,water pump
ATEX 384-512,engine
DID-3 BF3-FCL2/TCL2/pH,controller
AP51.65.15,water pump
AP80.100.65. V,water pump
COMFORT PM A BN5,control unit
DLC.208/230.B.1-FC,control panel
BMP 5.1 R,water pump
DID BF1,controller
ALPHA+ 32-40,water pump
CMBE 5-31,water pump
COMFORT PM BX,control unit
MTR 10,industrial equipment
AMD Series,mixer
5SQ-230,water pump
G 403,control unit
98938681,water pump
BMS hp,control unit
CU 3x2,control unit
SLC.460.E.3.A-FC,control panel
GT-D,boiler
99153149,control panel
AP51.65.34V,water pump
DLC.575.C.3.I-PT,control panel
96 00 53 85,water pump
ALPHA2 C,water pump
BME,water pump
91128528,controller
CIU 100,control unit
DME,water pump
CHV 2-100,water pump
LCD 108,controller
SLC.460.F.3.B-FC,control panel
G 405,control unit
BMP 6.2 N,water pump
96 00 53 78,water pump
98938514,water pump
98916461,water pump
APG.50.19.3Ex,water pump
BoosterpaQ Hydro MPC-EF,industrial equipment
CIU 260,control unit
1 Series,water pump
DMH 25 Series,water pump
DMM 390,water pump
Vaccuperm VGS-141,dispenser
COMFORT PM Series,control unit
DPK.V.80.80.55.4,water pump
Fire HSEF 8-17W,power pump
APG.50.19,water pump
CMB-SP PM1,other
Hydro Solo-S CR 5-5,extender
Oxiperm C 166-075G,industrial equipment
Hydro Solo-S CR 1-17,extender
30SQE-40,water pump
96538241,cable box
CU 401,modem
Auto ADAPT ALPHA2,water system
JP 4-47,extender
BMS Series,control unit
CHV 2-40,water pump
5SQE07B-290-NE,water pump
DIT-L,measuring instruments
BMP Series,water pump
Fire HSEF 4-12,power pump
AP80.100.92. V,water pump
97632142,water pump
99107064,control panel
PHT-F280,water filtration systems
Oxiperm C 166-015G,industrial equipment
DMX 249-3,water pump
MP 204,power distribution unit
10SQE10C-260-NE,water pump
CR 215,water pump
SLC.208/230.B.3.B-PT,control panel
IO 102,water system
D,water pump
PM 1,controller
COMFORT PM B,control unit
99107067,control panel
Fire HSEF 6-14Q,power pump
SFG Series,mixer
ML160AC2-F1,engine
DMH 283,dc drives
CMBE 1-99,water pump
CIU 502,industrial electrical
CRN 90,controller
CRN MAGdrive 64,water pump
DMX 115-3,water pump
ALPHA Pro,water pump
MAGNA1 D,control unit
DLC.575.J.3.H-FC,control panel
MG 90SA4,industrial equipment
ALPHA2 15-60 130,water pump
22SQ-160,water pump
CIM 1 LON Series,control unit
PRV Series,control unit
40-80 F,water pump
97661427,water pump
CRN 95,water pump
CRN 45-5-2,water pump
DID-1 BF1,control unit
DPK.V.65.80.22.4.5,water pump
Fire HSEF 5-14N,power pump
ALPHA2 32-80 180,water pump
CRKE Series,water pump
DMX 770-3,water pump
DMM 155,water pump
SI 010 CNV,power supply
DLC.208/230.C.3.D-PT,control panel
97660675,water pump
SMD Series,mixer
97661423,water pump
ALPHA 26-99,water pump
CR 10-17,water pump
CRNE 5,water pump
CML 5,water pump
CH 4-40,water pump
MCB 114,control unit
Oxiperm C 166-050G,industrial equipment
CR-H,water pump
Conex DIA-1,controller
99107783,control panel
CR 125,water pump
ALPHA+ 25-40,water pump
CRNEC,water pump
DID-3 BF3,control unit
El.stirrer f.1000l tank,tank equipment
CMB-SP Booster PM2,extender
MAGNA3 25-100 (N),accessories
97647817,water pump
Sololift Series,plumbing product
COMFORT PM BU,water pump
CIU 500,controller
BoosterpaQ Hydro MPC-F,industrial equipment
ML71BB2-C,engine
CHI 8,water pump
UP-ZV,control unit
99153147,control panel
SMG Series,mixer
DP AUTOADAPT Series,water pump
99369650,control unit
CR 20-1,water pump
CIU 200,controller
AQC-D4,measuring instruments
15SQE07B-170-NE,water pump
COMFORT PM BDT,water pump
BMP 2.5,water pump
BMP-N Series,water pump
UPZCV-6,controller
DMM 15,water pump
99107072,control panel
iGRID Pit measure point,measuring instruments
DMX 132-10,water pump
DMS 12,water pump
ALPHA2 25-40 130,water pump
DMX 430-5,water pump
96 00 53 79,water pump
EC 15,controller
RMQ B-45,controller
DME AP,water pump
TPE 1000 Series,dc drives
CRN 20,controller
AP100 Series,water pump
MGE 112,engine
CIM 200,industrial equipment
BMST,control unit
RSI,inverter
BMP 6.5 R,water pump
CRI 15,controller
ML180AA2-F1,engine
DMX 18-10,water pump
Multifit MLD Series,lifting systems
DLC.460.D.3.C-PT,control panel
CH 2-40,water pump
5SQE-140,water pump
CMB-SP PM1,controller
PM TWIN,controller
Hydro Solo-S CR 5-4,extender
CMB,water pump
SLC.575.J.3.H-PT,control panel
EZ Boost,controller
JP Series,extender
10SQE05B-180-NE,water pump
UPED 65-120,heat pump
59643500,water pump
CRN 5,water pump
96 00 53 82,water pump
DID-1 BF1-CDI2,control unit
AP80.80.26,water pump
CRI 10-12,water pump
COMFORT PM BA,water pump
AP80.80.92.V,water pump
DPK.V.80.80.55.2.5.1D,water pump
NKF 125-250,industrial equipment
99153141,control panel
Sololift 3-0,plumbing product
MGE 112 Series,engine
UPED 100-60,heat pump
CIU 200,industrial electrical
MGE 80,engine
CRT 16,water pump
MGE 71 Series,dc drives
DMX 226M,dc drives
99255525,water pump
BMSX,control unit
CU 321,control unit
22SQ-120,water pump
BMQE 22,water pump
3 Series,water pump
15SQE05A-110-NE,water pump
ALPHA2 32-60 180,water pump
CRN 16 B,water pump
Oxiperm Pro OCD-162-10-P/H,water system
COMFORT PM BN5,control unit
SCALA1,control unit
CM 1,water pump
CH 2-30,water pump
E-Box 500,cell phone
98938589,water pump
99107065,control panel
GT-DF,water heater
5SQE-230,water pump
15 BMQE 05A-110,water pump
99153148,control panel
DDA 30-4,water pump
PC Tool CU 300,control unit
CHI 2,water pump
CIU,recording equipment
97647829,water pump
CRN 10,controller
AP51.65.15V,water pump
DP 10.65,water pump
CH 4,water pump
22SQ-220,water pump
ML90CC2-D1,engine
BMS hs,control unit
CR 45-6-2,water pump
CRK 4,water pump
CRI 15-12,water pump
ALPHA1 L 32-40,water pump
ALPHA2 Series,water pump
DMH 257,dc drives
Hydro Solo-S CR 3-10,extender
DME 8 series,water pump
98938518,water pump
BMP 10.2 RS,water pump
ALPHA+ 32-60,water pump
Selcoperm SES Series,industrial equipment
Selcoperm SES-7500,industrial equipment
DDA,water pump
EZ Boost 15 BMQE 07B-180,controller
LC-Ex4,cable box
MS 4000I,engine
APG Series,water pump
DID-3 BF3-ORP/PH,controller
PM Rain,switch
CRIE,water pump
BMP 3.4,water pump
UPZCP-1,controller
SLC.208/230.D.3.D-FC,control panel
CRN 20,water pump
Unilift KP 250,lifting systems
97660672,water pump
SQFlex Wind,water system
Liftaway B 40-1,water heater
Oxiperm Pro OCD-162-60,industrial equipment
15 SQE-220,water pump
Hydro Solo-S CR 3-4,extender
80 F Series,water pump
22SQE-160,water pump
99107780,control panel
CIM 200,control unit
30SQ-90,water pump
PHT-D225,water filtration systems
CRI 15,water pump
98938538,water pump
Fire NKF 150-500,industrial equipment
LC 231,control unit
Unilift AP50,control unit
ALR 20/A Ex,relays
97660713,water pump
SLC.208/230.A.3.A-PT,control panel
CH 8,water pump
PS.R 800,industrial equipment
CRI 3,controller
97660722,water pump
98938662,water pump
91128524,controller
APG.50.09.3Ex,water pump
AEF,water pump
20,water pump
PC 15,controller
Oxiperm Pro OCD-162,industrial equipment
E Series,transmitter
10SQE-160,water pump
COMFORT PM BXDT,water pump
CRK 16,water pump
PHT-N230,water filtration systems
CH Series,water pump
DID-1 BF1-FCL2,controller
97647818,water pump
ALPHA3 Series,water pump
MS 6000 RE,engine
97632133,water pump
DLC.208/230.A.3.A-FC,control panel
JP 3-42,extender
CMBE 3-62,water pump
Fire HSEF 5-12,power pump
5SQE-320,water pump
CR 20,controller
DPK.V.65.80.15.2.5,water pump
BM 125,water pump
MTR 3,industrial equipment
SLC.208/230.B.3.C-FC,control panel
IO 113,i o systems
DMH 286,water pump
DME series,water pump
CIM 1 Series,control unit
99255554,water pump
DMX 7-10,water pump
PHT-D250,water filtration systems
CRN 10,water pump
98916464,water pump
TPED Series,industrial equipment
EC 22,controller
Vaccuperm VGS-143,dispenser
SLC.460.F.3.B-PT,control panel
15SQ-150,water pump
DID-3 BF3-PA2/PH,control unit
74,water pump
CR 20-12,water pump
Oxiperm Pro OCD-162-10,water system
MG 71B2,industrial equipment
98938570,water pump
BM 9,water pump
BMP 0.3 Series,water pump
AP51.65.35V,water pump
40-180 F,water pump
CRI Series,water pump
MTR 1s,industrial equipment
15SQE10C-200-NE,water pump
COMFORT PM BXT,control unit
DME AR Series,water pump
CR 64,controller
MGE 80 Series,dc drives
CR 45-5-2,water pump
ALPHA2 25-40 180,water pump
CR 95,water pump
Fire HSEF FM Europe Series,power pump
MI 204,remote control
96 00 53 86,water pump
DPK.V.80.80.55.2,water pump
BMP 1.7 N,water pump
99165671,control panel
AR,control unit
ALPHA1 L,water pump
ALPHA1 32-80,water pump
COMFORT PM BXS,control unit
97632152,water pump
CRI 15-9,water pump
97647813,water pump
DMX 4-10,water pump
CIU 260,industrial electrical
DID-1 BF1,controller
ALPHA series,water pump
ALPHA1 25-40,water pump
97660716,water pump
IO 111,control unit
99107781,control panel
DID-1 BF1-FCL20,controller
DMX 226,water pump
AP80.80.13.3.1.30,water pump
CRI 3,water pump
DPK.10.80.22,water pump
99165673,control panel
DPK,water pump
CRT,water pump
15SQ-250,water pump
DMB 9.0-6,water pump
5SQ-140,water pump
LC 110,control panel
CRNE 1 HS,water pump
10SQ-290,water pump
DID-3 BF3,controller
PHT-V250,water filtration systems
Conex DIS-C,lawn and garden equipment
CMBE 10-27,water pump
BMS hp,water pump
15SQE-290,water pump
MTR 8,industrial equipment
98916440,water pump
98916463,water pump
PHT-N130,water filtration systems
Control HVAC,controller
ML90FA2-D1,engine
97896311,water pump
MG 100LA2,industrial equipment
PHT-F250,water filtration systems
PS.R 1700,industrial equipment
UPED 120 FZ,industrial equipment
CRK Series,water pump
CIM 500,industrial equipment
AP80.80.13.3.1.28,water pump
DMH Series,dc drives
CU 241,control unit
CR 20,water pump
Hydro Multi-E 2 CRIE 5-9 U2 A-A-A-A,extender
DMH 257,water pump
DID-1 TI1-CND,controller
Unilift CC 9,lifting systems
DMX 280-6,water pump
CIM 500 Ethernet for PROFINET IO,control unit
AP51.65.35,water pump
CM Smart,water pump
DPK.20.150.220,water pump
CM-L Series,water pump
DB,water pump
DME 12,water pump
91128529,controller
VGA-113-110,controller
UPED 50-120,heat pump
CMBE 3-30,water pump
APG.50.17,water pump
AP51.65.22.3,water pump
CR 15-9,water pump
91128530,controller
DMS 4,water pump
Fire HSEF 8-17Q,power pump
ALPHA2 32-40 N 180,water pump
Oxiperm Pro OCD-162-5-P/H,water system
AP70,water pump
CRN 150,controller
CIM 2 Series,gsm gprs modules
R100,remote control
DME 150,water pump
97660677,water pump
DMM 990,water pump
ALPHA1 15-60,water pump
BMS Series,water pump
GT-D,water heater
97632155,water pump
BMP 1.2 S Series,water pump
MP 204,control systems
CH 4-60,water pump
Sololift2 D-2,plumbing product
5SQE-410,water pump
ALPHA3 B 25-60 180,water pump
DMX 60-3,water pump
SLC.575.G.3.E-FC,control panel
OD 401,racks and stands
CU 100,controller
99911581,industrial equipment
AP51.65.09,water pump
BMP 7.0,water pump
ALPHA 15-55 HWR-T,water pump
MG 100LA4,industrial equipment
COMFORT PM B,water pump
DIT-M,measuring instruments
DID-1 BF1-CND,control unit
CR 64,water pump
98388267,water pump
BM 60,water pump
A,water pump
RMQ B,water system
91128525,controller
97632153,water pump
EZ Boost 15 BMQE 05A-110,controller
DMH 253,dc drives
MG 90LB4,industrial equipment
5SQE-450,water pump
15SQE-180,water pump
ALPHA1 L 15-60,water pump
BM 30,water pump
LC Series,controller
Digital timer kit,timer
10SQ-240,water pump
SM 113,control unit
DMM 260,water pump
529921,water pump
99107788,control panel
ALPHA3 25-60 130,water pump
Sololift+ PWC-3,plumbing product
DMX 227,dc drives
COMFORT PM BT,control unit
97632146,water pump
SA-SPM6,controller
DMX Series,dc drives
5SQE10C-340-NE,water pump
GT-CF Series,water heater
AP80.80.100.13.3.1.30,water pump
BMQE 15,water pump
BMP 10.2 R,water pump
AP80.80.107.V,water pump
97660674,water pump
Fire NKF 65-200,industrial equipment
APG.50.31,water pump
Fire HSEF 5-11,power pump
Fire HSEF 5-14,power pump
CIU 300,recording equipment
MGE,engine
65 F Series,water pump
RSI Series,inverter
CRN 32-8-2,water pump
DMH 252,dc drives
SLC.575.G.3.E-PT,control panel
DMX 221 Series,water pump
AP80-100,water pump
MG 90SB2,industrial equipment
MLE 160,engine
CIM 500,control unit
Polydos 412E,industrial equipment
DME 48 series,water pump
MS 4000 R,engine
ALPHA1 L 15-40,water pump
MGE 160,engine
DLC.575.H.3.F-PT,control panel
RMQ A,water system
DMM 4,water pump
CR 10-12,water pump
99107787,control panel
CRN 215,water pump
Unilift CC 7,lifting systems
98046405,remote control
AP80.100.107.V.EX,water pump
IO 351,i o systems
SQFlex Solar,water system
CIM 200,controller
BMP-R Series,water pump
MG 90LC4,industrial equipment
97647814,water pump
Hydro Solo-S CR 3-12,extender
97632151,water pump
CRN 3,water pump
LC 231,controller
JP PM,extender
CHI 12,water pump
BMET,water pump
CIM 500,gateway
GT-H Series,water heater
CU331SP,dc drives
ALPHA3 B 25-80 130,water pump
99153158,control panel
ALPHA2 25-60 180,water pump
CM Booster PS,water pump
NKGE Series,industrial equipment
COMFORT PM T BN5,water pump
DID-3 BF3-FCL2/PH,controller
COMFORT PM B5,control unit
JP 5-48,extender
UPC-GEO,controller
TPE 2000 Series,dc drives
DMX 190-10,water pump
100 F Series,water pump
UPE Series 2000,heat pump
DMB 18-3.5,water pump
MG 80B4,industrial equipment
MG 90LA2,industrial equipment
AP51.65.17,water pump
BMP 1.8 R,water pump
DID-1 TI1-PH,controller
MG 100LB4,industrial equipment
DME 940-4,water pump
AP80 100 2S0 VFx,water pump
MGE 132 Series,engine
BMSX,water pump
DMH 287,dc drives
99153150,control panel
CIM 260,control unit
DME 2,water pump
APG.50.11.3,water pump
BMS 46-17 HS-E-C-P-A,water pump
CIM 272,control unit
DME 48,water pump
GT-C Series,water heater
CHV 2-80,water pump
PHT-T225,water filtration systems
Hydro 50-250/263 YJS ASD-U3-B,firefighting equipment
DME AR,water pump
MGE Series,engine
CIM 200,industrial electrical
CRN 32,controller
MI 204,cell phone accessories
CRN,water pump
DMX 24-8,water pump
97660723,water pump
ALPHA2 E,water pump
Oxiperm C 166-007G,industrial equipment
96913085,water pump
UP 15 series,water system
CR 32,controller
5SQ-320,water pump
BMS 30-26 HS-E-C-P-A,water pump
APG.50.18,water pump
COMFORT PM MB,water pump
CU 323 Series,control panel
CRN 15,controller
CIU 500,recording equipment
DME 2 series,water pump
CR 255,water pump
5SQE-360,water pump
99107782,control panel
BM 3A,water pump
MMS6,engine
UPE 120 FZ,industrial equipment
ALPHA1 15-80,water pump
CIU 200,recording equipment
COMFORT PM BXU,water pump
BMS hs,water pump
ALPHA SOLAR 25-75 180,water pump
CMB PM1,extender
98938707,water pump
DUOLIFT CC Series,lifting systems
ALPHA1 15-50,water pump
SLC.208/230.B.3.B-FC,control panel
AMG Series,mixer
97647826,water pump
CRE 5,water pump
AP80.80.92.V.EX,water pump
CRN 120,controller
VGA-113,controller
MGE 90 Series,engine
DLC.208/230.C.3.D-FC,control panel
99107785,control panel
DMM 160,water pump
Vaccuperm VGS-148,controller
Selcoperm SES-15000,industrial equipment
COMFORT PM BXA,control unit
BMP 5.1 RS,water pump
ALPHA series,water system
CR 1,controller
99107060,control panel
AP40,water pump
DMH 253,water pump
ALPHA2 25-80 180,water pump
30SQ-130,water pump
Vortex Flow Industry,transmitter
MLE 90,engine
ALPHA2 15-40 130,water pump
CRN SF 32,water pump
CML 15,water pump
SLC.575.I.3.G-FC,control panel
GT-C,boiler
ALPHA1 25-50,water pump
ALPHA1 L 25-40,water pump
30 BMQE 05B-90,controller
CRT 2,industrial equipment
98938600,water pump
ALPHA+ 25-60,water pump
Sololift2 CWC-3,plumbing product
BoosterpaQ Hydro MPC-ES,industrial equipment
AquaCel AQC-D3,measuring instruments
ALPHA2 32-50 180,water pump
CRIE Series,water pump
15SQE03A-70-NE,water pump
97647815,water pump
SLC.208/230.A.3.A-FC,control panel
ALPHA+ 25-60 B,water pump
99107776,control panel
99153146,control panel
DMB 1.0-10,water pump
97660714,water pump
BMhp 17,water pump
CMBE 5-62,water pump
2000 Series,water pump
98938531,water pump
15SQE10C-230-NE,water pump
DMM 8,water pump
DMX 227,water pump
AP80.100.48.V,water pump
MGE 100,engine
COMFORT PM A BU,water pump
Geo-Flo Universal Pump Controller,controller
DMX Series,water pump
CHI 15,water pump
10SQE-330,water pump
BMS 17-22 HS-E-C-P-A,water pump
CIM 273,control unit
CREC,water pump
BMhp 30,water pump
MG 112MC4,industrial equipment
COMFORT 10-16 Auto,water pump
ML80BA2-C2,engine
DMM 48,water pump
MMS 100000,engine
10SQ-200,water pump
MG 132SC2,industrial equipment
BMhp 46,water pump
30SQ-40,water pump
COMFORT PM A B5,water pump
CRN 45,controller
CHI Series,water pump
CHV 2-50,water pump
CRN 32,water pump
DMH 252,water pump
97647821,water pump
99107775,control panel
CH 12,water pump
AP80.80.190.V-Ex,water pump
CMB-SP,water pump
CR 32,water pump
PRESSCONTROL,controller
Hydro Multi-E Series,extender
98469271,water pump
DME 60,water pump
CRN 15,water pump
97632147,water pump
MTR 20,industrial equipment
Unilift KP 150,lifting systems
DMM 210,water pump
alpha2l,water pump
DLC.575.H.3.F-FC,control panel
AP80.80.190.V,water pump
ALPHA3 B 15-60 130,water pump
APG.50.48.3,water pump
COMFORT 10-16 Temperature control,water pump
CR 5,controller
AP80.100.160-V.Ex,water pump
AP80.80.160.V,water pump
DMX 17-4,water pump
AP80.80.20.3.V,water pump
CRN 120,water pump
BMP 8.2 R,water pump
DPK.V.65.80.22.4,water pump
MG 132MB4,industrial equipment
97660718,water pump
BM Series,water pump
GT-H,water heater
BMP 0.3 N,water pump
DID-1 BF1-CND,controller
MG 160LB2,industrial equipment
AP60,water pump
DMX 1120-5,water pump
DMX 12-10,water pump
CRK 8,water pump
DLC.575.C.3.I-FC,control panel
Sololift 4-2,plumbing product
CRKE,water pump
FB-Ex4,cable box
SLC.208/230.B.3.C-PT,control panel
Oxiperm Pro OCD-162-5,water system
NBE Series,industrial equipment
DMX 75-4,water pump
AP51.65.13,water pump
Oxiperm C 166-025G,industrial equipment
CUE,media converter
99107063,control panel
DMH 287,water pump
CIU 150 PROFIBUS DP,industrial electrical
EZ Boost 15 BMQE Series,controller
30 BMQE 05B-90,water pump
AP51.65.12,water pump
CMV,water pump
30SQE15C-160-NE,water pump
DMH 286,dc drives
CR 10,controller
CRK 2,industrial equipment
CHV 2-60,water pump
DMX 35-10,water pump
CR 45,controller
LiqTec,accessories
IO 112,control unit
Fire NKF 150-400,industrial equipment
MS Series,engine
22SQE-220,water pump
185,change machines
MS 6000 R,engine
BMP 2.1 N,water pump
CRNE 3 HS,water pump
CU 300,control unit
ALPHA2 15-50 130,water pump
MS6000P,engine
MGE 80,touch terminals
CU 362,measuring instruments
Hydro Solo-S CR 3-15,extender
BMP 2.2 R,water pump
LCD 110,control panel
DDI 222 Series,water pump
AP80.80.26.3.V,water pump
PowerAdapt,industrial equipment
ALPHA1 L 25-40 N,water pump
B,water pump
CIM 150 PROFIBUS DP,control unit
AP80.80.65.V,water pump
CONTROL MPC,controller
99107790,control panel
10SQE-200,water pump
TP,control unit
CRN 45,water pump
PM 2,controller
DPK.20.150.220 24,water pump
DMH 255,dc drives
LLC 1000W,controller
ALPHA2 25-80 130,water pump
MP 204,protection device
22SQE10C-180-NE,water pump
BMP 3.2,water pump
Multilift MD1,lifting systems
PLV Series,control unit
CMBE 1-44,water pump
Hydro Solo-S CR 5-3,extender
DID-3 BF3-PA20/PH,controller
DMX 765-3,water pump
El.stirrer f.200l tank,tank equipment
CMBE 1-75,water pump
99153151,control panel
APG.50.33.1,water pump
A Series,water pump
5SQE-90,water pump
El.stirrer f.500l tank,tank equipment
CRN 90-5-2,water pump
91128526,controller
98938701,water pump
96440300,cable box
BACnet MS/TP,industrial equipment
97632139,water pump
CR 5,water pump
15 SQE-250,water pump
DPK.15.100.75,water pump
99107074,control panel
Unilift AP35,control unit
78,water pump
97632138,water pump
Oxiperm C 166-100G,industrial equipment
DMX 221,water pump
ALPHA1 32-50,water pump
RADIOMODULE 2G4,engine
98486745,extender
97647828,water pump
DMH 256,water pump
AP80 Series,water pump
AP80.80.160.V-Ex,water pump
CUE,dc drives
97632149,water pump
DID-3 BT4,control unit
CIM 500,industrial electrical
DID Series,control unit
Selcoperm SES-20000,industrial equipment
CIM 100,control unit
22SQE-190,water pump
DPK.15.80.37,water pump
DLC.460.F.3.B-PT,control panel
97660711,water pump
97632143,water pump
CMB-SP Booster PM2,control unit
CRTE,water pump
TPD,control unit
CHV 2 Series,water pump
99153142,control panel
CRI 15-1,water pump
BoosterpaQ Hydro MPC,industrial equipment
CR 10,water pump
rmq-a,water system
LCD 108,control systems
CR 45,water pump
MGE 71,touch terminals
CIM 270,control unit
529924,water pump
5SQE-180,water pump
90,water pump
Hydro Solo-S CR 5-15,extender
DMX 280-8,water pump
Fire HSEF 8-20G,power pump
99153154,control panel
DDE,water pump
iSolutions Monitor,measuring instruments
AMD.07.18.1410.3,mixer
ALPHA+ Series,water pump
22SQE15C-210-NE,water pump
MGE 132,engine
"AP51,65.36V",water pump
RMQ A-45,controller
DUOLIFT APB Series,lifting systems
LC 110,controller
Alpha Solar 25-145,control unit
22 BMQE 05A-80,controller
Comfort System,water system
98938533,water pump
MMS 12000,industrial equipment
98938408,water pump
30SQE-130,water pump
97647819,water pump
MLE 100,engine
Dosing monitor,measuring instruments
GT-CF,water heater
CR 64-1-1,water pump
CM 5,water pump
LC 241,control unit
DPK.V.80.80.55.2.5.1E,water pump
CIM 260,industrial electrical
El.stirrer f.60l tank,tank equipment
MMS Series,engine
UPED 80-120,heat pump
JP PT-V,extender
MLE 71,engine
CR 15-1,water pump
CU 3x2,controller
JP Booster PT,extender
IO 101,water system
APG.50.11.1,water pump
DMX 315-3,water pump
Alpha Reader,data loggers
COMFORT PM BS,water pump
Conex DIS-C,measuring instruments
MTR 15,industrial equipment
ML71BA2-C,engine
GSM antenna for desk,antenna
CRX Series,water pump
DBG,water pump
Hydro Solo-S CR 3-7,extender
CRNE HS Series,water pump
CHI 4,water pump
MC 22,controller
AP51.65.23,water pump
DPK.V Series,water pump
CMEC,water pump
15SQE15C-270-NE,water pump
CRT Series,water pump
DPK.V.65.80.22.2,water pump
15SQ-110,water pump
10SQE15C-340-NE,water pump
CRN 45-12-2,water pump
Alpha Solar 25-75,control unit
91128533,controller
DID-3 BF3-FCL2/PH/ORP,control unit
98938683,water pump
BMP 4.4 N,water pump
DDI 222 60-10,water pump
Unilift KP 350,lifting systems
SLC.575.C.3.I-PT,control panel
ALPHA3 B 32-60 180,water pump
CRI 20-8,water pump
MASCONTROL,controller
5SQE10C-420-NE,water pump
98938516,water pump
MG 100LC2,industrial equipment
ALPHA3 B 32-40 180,water pump
MG 132SD2,industrial equipment
NBGE Series,industrial equipment
APG.50.31.3,water pump
S Series,transmitter
APG.50.92.3,water pump
97647824,water pump
AP51.65.14,water pump
BMP 6.2,water pump
CRN 90-4-2,water pump
DMX 1520-3,water pump
iGRID T-Zone,industrial equipment
99107066,control panel
91128531,controller
MMS 8000,engine
99153153,control panel
CME Series,water pump
CRNE,water pump
DMH 255,water pump
ALPHA1 B,water pump
97660712,water pump
CMBE 10-54,water pump
98938459,water pump
CRNE Series,water pump
CRI 1,controller
ALPHA3 B 32-80 180,water pump
98938411,water pump
MTR 45,industrial equipment
APG.50.11.1Ex,water pump
DID-3 BF3-FCL2/TCL2/pH,control unit
96688989,conference system
DMI 208,water pump
CMV Series,water pump
CR 45-1-1,water pump
DLC.208/230.D.3.D-FC,control panel
ALPHA1 L 20-40,water pump
DMX 190-8,water pump
MGE 90,engine
DMX 460-3,water pump
MTR 5,industrial equipment
97632156,water pump
CML 3,water pump
COMFORT PM A BN5,water pump
NKF 100-200,industrial equipment
CRIEC,water pump
SA Series,control unit
BACnet IP,industrial equipment
99107778,control panel
OD 401,control unit
COMFORT PM BX,water pump
COMFORT PM BU,control unit
BMP 7.0 N,water pump
DMX 224-5,water pump
JP PT-H,extender
ALPHA3 B 15-80 130,water pump
CRT 4,water pump
ALPHA1 L Series,water pump
Hydro Multi-B,extender
99165672,control panel
MLE 80,engine
CH 2,water pump
SLC.575.D.3.J-FC,control panel
DID,controller
CIU 300,control unit
COMFORT PM BDT,control unit
CH 4-50,water pump
GT-U,tank equipment
ALPHA3 B 25-40 180,water pump
AP80.80.48-V.Ex,water pump
Vaccuperm VGA-146,controller
Fire HSEF 8-170,power pump
Vortex Flow Industry,measuring instruments
DLC.208/230.B.3.C-PT,control panel
SLC.575.C.3.I-FC,control panel
MMS 12000,engine
ALPHA3 32-50 N 180,water pump
MG 80A4,industrial equipment
99369652,control unit
CMB-SP PM1,extender
AP80.80.100.13.3.1.28,water pump
DLC.460.F.3.B-FC,control panel
Oxiperm Pro OCD-162,water system
RMQ B Series,controller
LC 108,control unit
DMX 460-6,water pump
APG.50.65.3,water pump
ALPHA1 25-80,water pump
CH 2-50,water pump
ALPHA 15-55 HWR-D,water pump
CM SP,water pump
DDA 12-10,water pump
MC 80,control unit
GT-HR,tank equipment
DME 19,water pump
BMP 2.1 NS Series,water pump
Conlift2 pH+,water pump
DSS,control systems
MS 4000 RE,engine
DMX 199-8,water pump
CR 90,controller
5SQE05A-170-NE,water pump
15SQ-70,water pump
Vaccuperm VGS -143,control unit
97660676,water pump
PHT-D125,water filtration systems
SLC.208/230.B.1-FC,control panel
Selcoperm SES-5000,industrial equipment
AQC-D6,measuring instruments
Conex DIA-2Q,amplifier
97632145,water pump
CRE 3,water pump
DMS 8,water pump
DMX 82-5,water pump
PM 1,control unit
15SQ-220,water pump
CRN 185,water pump
COMFORT PM BA,control unit
99153145,control panel
MG 90SA2,industrial equipment
CMV 3,water pump
CRN 32-1-1,water pump
99153161,control panel
UPZCV-4,controller
DID-1 BF1-CDI2,controller
PM1-15,controller
96 00 53 80,water pump
DME 375-10,water pump
DPK.10.50.15,water pump
DTS,tank equipment
CU 301,control unit
DN 10,plumbing product
Fire NKF,industrial equipment
DPK.V.80.80.37.2.5,water pump
CRI 1,water pump
DPK.V.65.80.15.4,water pump
99107062,control panel
MG 80A2,industrial equipment
97661424,water pump
MG 112MB4,industrial equipment
CR 90-4-2,water pump
CHV 4-80,water pump
DMX 380-3,water pump
Pt1000,accessories
AP80.100.92.V-Ex,water pump
PS.R 1200,industrial equipment
AP80.80.250-V.Ex,water pump
BM 215,water pump
ALPHA3 32-80 180,water pump
APG.50.19.3,water pump
CIM 250,controller
Oxiperm OCD-164,water filtration systems
BMP 0.2,water pump
CRN 255,water pump
DMX 39-4,water pump
PC Tool Link,adapter
Hydro Multi-E 3CRE 15-03,extender
CRE,water pump
BMP 8.0,water pump
BM 160,water pump
CMBE 3-93,water pump
ALPHA3 15-50 130,water pump
UNOLIFT Series,lifting systems
99844392,firefighting equipment
CIU 500,control unit
LCD 110,media converter
30 BMQE 10C-130,controller
CIM 150 PROFIBUS DP,industrial electrical
98938664,water pump
529922,water pump
96 00 53 77,water pump
CHIE Series,water pump
CRN 1,water pump
22 BMQE 10C-190,controller
DID Series,controller
CME,water pump
50 F Series,water pump
SLC.575.D.3.J-PT,control panel
SI 001 PSU,recording equipment
CRI 20,controller
CHN Series,water pump
CRNE 3,water pump
DLC.208/230.D.3.D-PT,control panel
AP80.100.190.V,water pump
Fire HSEF 8-15A,power pump
Conlift,water pump
CRT 2,water pump
DMH 254,water pump
32-120 F,water pump
5SQE03A-120-NE,water pump
Hydro Solo-S CR 1-13,extender
Multilift MSS,lifting systems
CMBE Series,water pump
ALPHA3 B 25-60 130,water pump
Conex DIS-D,controller
Multifit MD Series,lifting systems
DMX 13.7-16,water pump
CHV 4-60,water pump
CRT 8,industrial equipment
96 00 53 81,water pump
PM TWIN,control unit
BMST,water pump
DLC.575.I.3.G-FC,control panel
DPK.15.80.55,water pump
SM 111,industrial electrical
98938705,water pump
PC Tool Link,motherboard
CRN 150,water pump
ML71AB2-C,engine
DMX 2000-3,water pump
SLC.575.I.3.G-PT,control panel
LC 109,media converter
SLC.208/230.B.1-PT,control panel
ALPHA1 L 20-60 N,water pump
AP80.80.107.V-Ex,water pump
10SQE-110,water pump
COMFORT PM BXDT,control unit
5SQ-90,water pump
99153143,control panel
15SQE-70,water pump
alpha2 l,control unit
DMH 280,water pump
ALPHA2 25-50 180,water pump
ALPHA3 32-40 180,water pump
ALPHA3 25-40 180,water pump
PHT-T250,water filtration systems
97647812,water pump
BMPX,water pump
DDI 209,water pump
DMS D Series,water pump
NKF 50-250,industrial equipment
ML160AB2-F1,engine
Selcoperm SES-10000,industrial equipment
APG.50.09.3,water pump
ALPHA1 26-99,water pump
DMX 16-10,water pump
UNILIFT AP50B,lifting systems
CRI 1s,water pump
ALPHA3 15-80 130,water pump
5SQ-360,water pump
MTR 32,industrial equipment
DPK.V.80.80.37.4,water pump
Control DDD,control unit
SLC.575.H.3.F-FC,control panel
AP80.80.65-V.Ex,water pump
DPK.V.80.80.55.2.5.0E,water pump
ALPHA1 L 25-60 N,water pump
MG 90LA4,industrial equipment
MI 301,remote control
CR 1s,water pump
Selcoperm SES-45000,industrial equipment
COMFORT PM BN5,water pump
NKF 40-250,industrial equipment
DME 12 series,water pump
ALPHA1 L 25-60,water pump
CMBE,water pump
UPE 2000 FZ Series,industrial equipment
Hydro Solo-S CR 1-10,extender
AP51.65.07,water pump
PHT-D150,water filtration systems
BoosterpaQ Hydro MPC-ED,industrial equipment
DLC.208/230.B.1-PT,control panel
SLC.460.E.3.A-PT,control panel
10SQE05A-140-NE,water pump
Conex DIA-2,amplifier
AP51.65.22,water pump
CRN 90-1-1,water pump
UPSD 200 Series,i o systems
5SQ-270,water pump
MP 204,control unit
CIU 27 Series,gsm gprs modules
ALPHA1 25-60,water pump
30 BMQE 10C-130,water pump
DMX 7.2-16,water pump
97647810,water pump
DMM 290,water pump
10SQE03A-100-NE,water pump
PHT-F150,water filtration systems
99107777,control panel
99153155,control panel
96 00 53 84,water pump
DLC.575.D.3.J-FC,control panel
BMP 0.4,water pump
DID-3 BF3-PA2/PH,controller
SLC.208/230.C.3.D-PT,control panel
22 BMQE 10C-190,water pump
97647827,water pump
AP80.100.65.V-Ex,water pump
APG.50.09,water pump
22SQE-40,water pump
EZ Boost 30 BMQE Series,controller
22SQ-80,water pump
97632154,water pump
AP80.80.250.V,water pump
ALPHA3 15-40 130,water pump
ALPHA+ 15-40,water pump
Oxiperm Pro OCD-162,water filtration systems
CIM 150,control unit
DMB Series,water pump
CRI 20,water pump
ALPHA2 B,water pump
DDI 60-10,water pump
AP80.80.13,water pump
NKF 125-315,industrial equipment
APG.50.30.1,water pump
MAGNA 2000 Series,control unit
BMP 0.6 R,water pump
MGE 100 Series,engine
CIU 250,controller
PC 22,controller
22SQE-120,water pump
SA-CSCR,control unit
97660678,water pump
RSL,control unit
C STL 2.0 CN,water pump
Multilift MDV,lifting systems
CRE-DP,water pump
Oxiperm Pro OCD-162-10-D/H,water system
DLC.575.J.3.H-PT,control panel
97660717,water pump
AP50B.50.11.1V,water pump
DMX 860-5,water pump
SLC.460.D.3.C-PT,control panel
ALPHA+ 15-60,water pump
SMART Digital S-DDE,industrial electrical
MG 71B4,industrial equipment
ALPHA SOLAR 25-145 180,water pump
BMP 1.0 R,water pump
PHT-F225,water filtration systems
CIM 28,control unit
ALPHA3 B 25-40 130,water pump
22SQE-80,water pump
DMH 288,water pump
DME 8,water pump
Vaccuperm VGS -145,control unit
CRI 5,controller
22SQE05A-80-NE,water pump
DMX 221,dc drives
DLC.460.D.3.C-FC,control panel
MGE 71 Series,engine
ALPHA SOLAR 25-75 130,water pump
BMP 0.6 N,water pump
ALPHA1 L 25-40 A,water pump
Oxiperm Pro OCD-162-10-D/G,water system
W Series,transmitter
DMH 285,dc drives
LCD 110,controller
DID-1 BF1-FCL2,control unit
CRN 64-6-2,water pump
72,water pump
99107061,control panel
DSS,heat pump
ALARM PCB CONFLICT,water pump
DLC.208/230.A.3.A-PT,control panel
DMM 72,water pump
22SQE05B-110-NE,water pump
CMV 5,water pump
CR 150,controller
5SQE-270,water pump
SLC Series,control panel
ALPHA2 26-99,water pump
PHT-F180,water filtration systems
98938599,water pump
GT-DF Series,water heater
CRN 16 A,water pump
FV,control unit
Hydro Solo-S CR 5-10,extender
BMhp 60,water pump
MS1 Ex,switch
AP80.80.10,water pump
5SQE05B-250-NE,water pump
529925,water pump
Fire NKF 80-200,industrial equipment
MG 112MB2,industrial equipment
MS 4000,engine
DPK.V.65.80.15.4.5,water pump
Liftaway B Series,water heater
CRN 64-4-2,water pump
MMS 10000,engine
120,water pump
CRN 45-1-1,water pump
AP51.65.34,water pump
MQ,water system
LC 108,controller
CIM 500 Ethernet for PROFINET IO,controller
98091786,water pump
ALPHA1 L 20-40 N,water pump
BoosterpaQ Hydro MPC-E,industrial equipment
DDC,water pump
CRI,water pump
DUOLIFT Series,lifting systems
PC Tool CU 300,control systems
MGE 160 Series,engine
MIXIT,control unit
CR 15,controller
IO 50 SQFlex,switch
97660719,water pump
G100,gateway
MC 15,controller
MFV,control unit
CRN Series,water pump
97660673,water pump
CM 25,water pump
97660720,water pump
DPK.V.80.80.37.4.5,water pump
PS.R 1000,industrial equipment
97931710,water pump
97632144,water pump
Hydro Solo-S CR 1-4,extender
DME 60-10 AR-PP/E/C-F-311F,water pump
DMX 26-10,water pump
MTR 64,industrial equipment
ML132FA2-F1,engine
98091787,water pump
Redi-Flo2,dc drives
Vaccuperm VGS -141,control unit
CRI 10-1,water pump
CR 3,controller
CRI 10,controller
COMFORT PM BXT,water pump
BMhp 215,water pump
Conex DIS-G,controller
AQC-D12,measuring instruments
CMBE TWIN,water pump
CIM 300,control unit
Redi-Flo Series,dc drives
MG 80B2,industrial equipment
CRN 1s,water pump
CM series,water pump
15SQE05B-130-NE,water pump
97660725,water pump
CR 1,water pump
LC 107,control unit
DLC.208/230.B.3.C-FC,control panel
DID-1 BF1-FCL20,control unit
CR 120,controller
97632135,water pump
98938567,water pump
BMhp 125,water pump
CIM 500 Ethernet for PROFINET IO,industrial electrical
G 406,control unit
AP80.100.190.V.EX,water pump
COMFORT PM BXS,water pump
CR 64-4-2,water pump
99672033,water pump
TPE Series,industrial equipment
98938462,water pump
15SQE-150,water pump
ATEX Series,engine
CM 10,water pump
DMX 37-5,water pump
98938563,water pump
AQpure,water filtration systems
El.stirrer f.300l tank,tank equipment
ALPHA2 25-60 N 130,water pump
CRI 5,water pump
UPZCV-3,controller
DMX 160-5,water pump
MG 112MC2,industrial equipment
CM,water pump
DMX 152-6,water pump
DMM 640,water pump
CR 185,water pump
97632150,water pump
BM 77,water pump
MMG-H IE4,engine
MG 160MD2,industrial equipment
ALPHA1 Series,water pump
DMX 27-10,water pump
FV-2L,control unit
97660680,water pump
DPK.20.100.150,water pump
RMQ B-35,controller
LCD 107,control unit
Selcoperm SES 125-2000,industrial equipment
CU 401,control unit
97661425,water pump
ALPHA SOLAR Series,water pump
DIT-IR,control unit
CR 150,water pump
Alldos Vaccuperm VGB-103,controller
FB 101,control unit
30SQE05B-80-NE,water pump
DID-1 TI1-CND,control unit
Conex DIS-PR,controller
DMX 25-3,water pump
DN 15,plumbing product
ML71AA2-C,engine
5SQ-450,water pump
CHV 4-40,water pump
97660715,water pump
99107068,control panel
IO 50 SQFlex,water system
DUOLIFT KP Series,lifting systems
LCD 115 Series,controller
15SQE-110,water pump
DMH 251,water pump
Alpha Solar Series,control unit
MGE 90 Series,dc drives
MG 132SB2,industrial equipment
CHV 4-50,water pump
ALPHA3 B 25-80 180,water pump
DDI 150-4,water pump
APG.50.30,water pump
RSI,controller
Vaccuperm VGA-117,controller
IO 242,control unit
CR 15,water pump
ATEX 384-511,engine
ALPHA+ 25-40 B,water pump
COMFORT PM T BN5,control unit
CIU 500,industrial electrical
99153139,control panel
CM 3,water pump
AP80.100.107.V,water pump
SLC.208/230.D.3.D-PT,control panel
MG 71A4,industrial equipment
98938704,water pump
MGE 80 Series,engine
CRN-H,water pump
CR 20-8,water pump
553-225,conference system
G 401,control unit
CR 3,water pump
CIM 500 Ethernet for PROFINET IO,network card
MLE 112,engine
El.stirrer f.100l tank,tank equipment
CH 4-30,water pump
CRI 10,water pump
LCD 109,media converter
CRI 10-17,water pump
DMH 285,water pump
DMX 100-8,water pump
10SQ-160,water pump
91128527,controller
Oxiperm Pro OCD-162-10,industrial equipment
AP80 Vortex,water pump
99153159,control panel
"CUE, 110-250 kW",media converter
CRI 20-12,water pump
ECOPRESS,controller
NKF 32-200,industrial equipment
CR 120,water pump
CHV 4-100,water pump
99153156,control panel
MI401,controller
CRN 64-1-1,water pump
DLC.460.E.3.A-FC,control panel
ALPHA1 L 32-60,water pump
DPK.20.100.110,water pump
CHV 4 Series,water pump
5SQ-180,water pump
Solar 15-80 130,inverter
COMFORT PM MB,control unit
DMX 9-10,water pump
Oxiperm Pro OCD-162-5-D/H,water system
MLE  Series,engine
99107059,control panel
ALPHA1 32-40,water pump
DMM Series,water pump
APG.50.29.3,water pump
CRN 125,water pump
COMFORT 10-16 Digital Timer,water pump
99107786,control panel
CIU 110,control unit
DLC.575.I.3.G-PT,control panel
COMFORT PM BT,water pump
MI 202,remote control
CHN 4,water pump
99107073,control panel
CRI 20-1,water pump
MLE 132,engine
DMH 281,dc drives
DPK.V.65.80.15.2,water pump
PM1-22,controller
UNILIFT AP35B,lifting systems
DMM AR Series,water pump
CR,water pump
Fire NKF 50-200,industrial equipment
UPE 100 FZ,industrial equipment
iSolutions Monitor,tank equipment
CR 15-12,water pump
WIO sensor,accessories
ALPHA SOLAR B,water pump
DMH 283,water pump
APG.50.33,water pump
10SQE10C-300-NE,water pump
BMP 0.6,water pump
CSD,water pump
iGRID P-Zone,industrial equipment
APG.50.12,water pump
MS 402,engine
ML160AA2-F1,engine
30SQE10C-120-NE,water pump
AP100.100.29.3.1,water pump
ALPHA 15-55 SUC HWR-D Comfort,control unit
DPK.10.50.075,water pump
MTR Series,industrial equipment
DID-1 BF1-PH,control unit
MAGNA3 25-100 (N),control unit
CIM 271,control unit
BMP 1.2,water pump
CRN-H MAGdrive,water pump
DMX 321-6,water pump
AP80.100.160. V,water pump
CR Series,water pump
RMQ A-35,controller
DID-3 BF3-FCL2/PH,control unit
MGE 71,engine
AP80.100.250.V,water pump
99153162,control panel
UPED 80 FZ,industrial equipment
SLC.575.H.3.F-PT,control panel
ALPHA SOLAR 15-75 130,water pump
MG 180MB2,industrial equipment
alpha2 l,water pump
COMFORT PM B5,water pump
Conlift1 LS,water pump
COMFORT PM A BU,control unit
DID-1 TI1-PH,control unit
DID-3 BF3-FCL20/PH,control unit
NKE Series,industrial equipment
ALPHA1 L 20-60,water pump
30SQE-90,water pump
97632148,water pump
DLC.208/230.B.3.B-PT,control panel
CRE 1,water pump
ALPHA1 15-40,water pump
98916462,water pump
ALPHA3 25-50 130,water pump
15 BMQE 07B-180,water pump
GT-H,boiler
DP 10 Series,water pump
DMX 226L,dc drives
COMFORT PM A B5,control unit
Oxiperm Pro OCD-162-5-D/G,water system
10SQE-240,water pump
DMX 8-10,water pump
97647822,water pump
15SQ-180,water pump
Conex DIS-2Q,controller
99107779,control panel
MS,engine
15SQ-290,water pump
CU 3x4,control unit
DP10 AUTOADAPT,water pump
MS6000,engine
UPS 200 Series,i o systems
BMQE 30,water pump
99107789,control panel
CRT 16,industrial equipment
CRN 64,controller
DMH 254,dc drives
GT-D Series,water heater
99153160,control panel
Redi-Flo4,dc drives
AP51.65.23V,water pump
DMX 52-8,water pump
DPK.15.100.55,water pump
99107070,control panel
22SQE07B-140-NE,water pump
CM 15,water pump
ALPHA+ 60 Series,water pump
CR 32-6-2,water pump
98938566,water pump
99165674,control panel
5SQ-410,water pump
DDI Series,control unit
97632134,water pump
ALPHA3 25-40 130,water pump
Selcoperm SES-30000,industrial equipment
BMP 1.0,water pump
G 404,control unit
LC 108.400.3.5,control unit
22 BMQE 05A-80,water pump
G 402,control unit
ALPHA+ 25-60 A,water pump
UPS 15,water system
DMH 280,dc drives
22 BMQE 05B-120,controller
DPK.V.80.80.37.2 26,water pump
EZ Boost 22 BMQE Series,controller
10SQE07B-220-NE,water pump
CIU 262,industrial electrical
ALPHA3 25-80 180,water pump
ALPHA3 25-80 130,water pump
98916439,water pump
97632141,water pump
MG 90LB2,industrial equipment
ALPHA2 15-80 130,water pump
DMM 440,water pump
CONTROL MPC,control systems
CRK 4,industrial equipment
ML132DA2-D1,engine
LCD Series,controller
COMFORT PM BXA,water pump
AP80.80-20,water pump
Fire NKF 80-250,industrial equipment
ALPHA2 D,water pump
BoosterpaQ Hydro MPC-EDF,industrial equipment
CRT 8,water pump
5SQE03A-90-NE,water pump
ALPHA1 B,power pump
97647825,water pump
Unilift AP12,control unit
CMB-SP Booster PM2,other
ALPHA+ 25-40 A,water pump
98989300,control unit
Hydro Solo-S CR 5-8,extender
MI401,data loggers
Oxiperm C 166 Series,industrial equipment
MAGNA-LON,control unit
99107784,control panel
MG 132SB4,industrial equipment
DTS,dispenser
IO 100,water system
DMM 23,water pump
BMST Series,water pump
DMB 5.0-6,water pump
DDA 12-17-7,water pump
DLC.208/230.B.3.B-FC,control panel
DLC Series,control panel
CUE Series,media converter
DPK Series,water pump
Oxiperm Pro OCD-162-30,industrial equipment
CML 10,water pump
99153140,control panel
GT-DF,boiler
BMP 1.0 N,water pump
97660721,water pump
97660724,water pump
96 00 53 87,water pump
Vaccuperm VGS-145,dispenser
DDA 7.5-16,water pump
Magna,control unit
CR 90-5-2,water pump
30SQE05A-40-NE,water pump
JP 4-54,extender
ALPHA3 25-60 180,water pump
DMH 281,water pump
10SQ-330,water pump
BMP 7.2 R,water pump
DPK.V.80.80.55.2.5.0D,water pump
97647823,water pump
DMX 142-8,water pump
CLME Series,water pump
DPK.20.150.190,water pump
LC A2,controller
DLC.460.E.3.A-PT,control panel
DMX 14-10,water pump
CRN 64,water pump
99153157,control panel
RMQ A Series,controller
BACMON,measuring instruments
BMhp Series,water pump
CH,water pump
GT-C,water heater
BMhp 95,water pump
MG 160LB4,industrial equipment
DMX 321-4,water pump
CHI 20,water pump
CMSP-PM1,extender
BM 95,water pump
CIM 3 Series,control unit
Hydro Solo-S CR 1-7,extender
APG.50.17.3,water pump
APG.50.18.1,water pump
DID BF3,controller
CU 200,water system
AP80.80.48.V,water pump
PHT-V225,water filtration systems
ALPHA1 L 15-65,water pump
97660679,water pump
DMH 288,dc drives
SA-CSIR,control unit
99107071,control panel
LC 115 Series,controller
BMP 8.0 N,water pump
CRT Series,industrial equipment
CIU 250,recording equipment
22 BMQE 05B-120,water pump
AP80.100.48.V-Ex,water pump
5SQE10C-380-NE,water pump
DP 10.50,water pump
BM 17,water pump
CR 45-12-2,water pump
ALPHA2 180 Series,water pump
97647816,water pump
5SQE05B-210-NE,water pump
CIM 2 Series,control unit
97632136,water pump
MTR 1,industrial equipment
GT-CF,boiler
ALPHA3 15-60 130,water pump
BMSX Series,water pump
CIM 110,control unit
98842487,test equipment
CR 155,water pump
CIU 200,control unit
ALPHA2 25-50 130,water pump
CRN MAGdrive 5,water pump
DID-3 BT4,controller
DLC.575.G.3.E-FC,control panel
99107069,control panel
Fire HSEF 6-17,power pump
APG.50.12.1,water pump
Conex DIA-G,controller
97647811,water pump
ALPHA3 32-60 180,water pump
DMX 67-10,water pump
CMB-SP Booster PM2,controller
CUE Series,dc drives
CML 1,water pump
DMX 525-3,water pump
IO 401,control unit
MG 160MB2,industrial equipment
98938582,water pump
97632140,water pump
DME 375,water pump
SLC.460.D.3.C-FC,control panel
MG 160MB4,industrial equipment
CIM 280,control unit
BM 5A,water pump
ML112AA2-C2,engine
LiqTec,protection device
96 00 53 83,water pump
Vaccuperm VGS-147,controller
AP51.65.14V,water pump
MS1,switch
MG 90LC2,industrial equipment
22SQ-40,water pump
10,water pump
BMhp 77,water pump
CRN 45-6-2,water pump
NKF 125-250.1,industrial equipment
CR 90-1-1,water pump
DMM 110,water pump
Pt100,accessories
MG Series,industrial equipment
DMX 50-10,water pump
CR 64-6-2,water pump
22SQE03A-40-NE,water pump
AQtap,water dispenser
CIU 850,gateway
CR 32-8-2,water pump
SLC.208/230.C.3.D-FC,control panel
DMX 255-3,water pump
CRT 4,industrial equipment
96 00 53 88,water pump
BACMON,analytical instruments
APG.50.29,water pump
MG 90SB4,industrial equipment
MG 71A2,industrial equipment
CR 10-1,water pump
CUE,industrial equipment
DID-3 BF3-PA20/PH,control unit
529821,water pump
BMhp 160,water pump
ALPHA3 B 15-40 130,water pump
DPI,accessories
96841859,control unit
DMH 28 Series,water pump
DLC.575.D.3.J-PT,control panel
CRK Series,industrial equipment
AP50B.50 08.1V,water pump
LC A1,security system
COMFORT PM BS,control unit
CR 32-1-1,water pump
DID-1 BF1-PH,controller
PHT-F125,water filtration systems
DPK.V.65.80.22.2.5,water pump
ALPHA1 32-60,water pump
E-Box 200,conference system
APG.50.31.3Ex,water pump
CIU 202,industrial electrical
alpha2 l,water system
Oxiperm Pro OCD-162-10-P/G,water system
DLC.575.G.3.E-PT,control panel
ML Series,engine
DIT,measuring instruments
CU 361,control unit
10SQ-110,water pump
DID-3 BF3-FCL20/PH,controller
ATEX 384-513,engine
AP51 Series,water pump
99153144,control panel
Fire HSEF 10-20,power pump
CRNE 1,water pump
Oxiperm Pro OCD-162-5-P/G,water system
DUOLIFT SEG Series,lifting systems
UPS2,heat pump
BMS hs Series,water pump
GT-H,tank equipment
DID-3 BF3-FCL2/PH/ORP,controller
ALPHA+ 40 Series,water pump
